file	licence	creator	source
visor	cc0	Sergeant Matt Hecht	https://www.rawpixel.com/image/8732201/photo-image-public-domain-person-portrait
team-backs	cc0		https://www.rawpixel.com/image/9677061/gpd-emergency-response-teamphoto-aaron-hines
dust-storm	cc0	U.S. Department of Defense	https://www.rawpixel.com/image/3319196/free-photo-image-military-boots-animal-arizona
mx-field	cc0		https://www.rawpixel.com/image/4021343/photo-image-person-men
mx-dust	cc0	ra_g_an	https://wordpress.org/photos/photo/71467da66b/
fire-crew	cc0	U.S. Forest Service (source)	https://www.rawpixel.com/image/3388186/free-photo-image-america-backfire-burn-off
boots-line	cc0	U.S. Department of Homeland Security (Source)	https://www.rawpixel.com/image/4048778/photo-image-public-domain-people-shoe
helmet-hand	cc0		https://www.rawpixel.com/image/3301020/free-photo-image-red-biker-motorcycle-helmet
turnout	cc0		https://www.rawpixel.com/image/5921468/photo-image-public-domain-free-clothing
harness	cc0	afmil	https://www.rawpixel.com/image/10995734/photo-image-face-public-domain
boots-row	cc0	U.S. Department of Defense	https://www.rawpixel.com/image/3315619/free-photo-image-army-boots-afghan
reflective	cc0	Sergeant Matt Hecht	https://www.rawpixel.com/image/3578301/free-photo-image-car-crash-177th-fighter-wing-accident
mx-roost	cc0		https://www.rawpixel.com/image/6038765/atv-racing-free-public-domain-cc0-photo
boots-desert	cc0	National Guard of the United States	https://www.rawpixel.com/image/4042400/photo-image-people-men
mx-pair	cc0		https://www.rawpixel.com/image/6034623/motocross-race-free-public-domain-cc0-photo
comms	cc0		https://www.rawpixel.com/image/3393656/free-photo-image-apparel-armored-army
mx-pack	cc0		https://www.rawpixel.com/image/4026305/photo-image-person-building
dust-backs	cc0	U.S. Department of Defense	https://www.rawpixel.com/image/3315598/free-photo-image-soldier-arizona-armored
smoke-room	public domain	U.S. Air Force photo by Richard Kotecki	https://commons.wikimedia.org/wiki/File:Where_there%E2%80%99s_smoke,_there%E2%80%99s_training_(3482995).jpeg
